,Image Name,Prediction
0,./dataset/coil-20-proc/obj1__0.png,0
1,./dataset/coil-20-proc/obj1__1.png,0
2,./dataset/coil-20-proc/obj1__2.png,0
3,./dataset/coil-20-proc/obj1__3.png,0
4,./dataset/coil-20-proc/obj1__4.png,0
5,./dataset/coil-20-proc/obj1__5.png,0
6,./dataset/coil-20-proc/obj1__6.png,0
7,./dataset/coil-20-proc/obj1__7.png,0
8,./dataset/coil-20-proc/obj1__8.png,0
9,./dataset/coil-20-proc/obj1__9.png,0
10,./dataset/coil-20-proc/obj1__10.png,0
11,./dataset/coil-20-proc/obj1__11.png,0
12,./dataset/coil-20-proc/obj1__12.png,0
13,./dataset/coil-20-proc/obj1__13.png,0
14,./dataset/coil-20-proc/obj1__14.png,0
15,./dataset/coil-20-proc/obj1__15.png,0
16,./dataset/coil-20-proc/obj1__16.png,0
17,./dataset/coil-20-proc/obj1__17.png,0
18,./dataset/coil-20-proc/obj1__18.png,0
19,./dataset/coil-20-proc/obj1__19.png,0
20,./dataset/coil-20-proc/obj1__20.png,0
21,./dataset/coil-20-proc/obj1__21.png,0
22,./dataset/coil-20-proc/obj1__22.png,0
23,./dataset/coil-20-proc/obj1__23.png,0
24,./dataset/coil-20-proc/obj1__24.png,0
25,./dataset/coil-20-proc/obj1__25.png,0
26,./dataset/coil-20-proc/obj1__26.png,0
27,./dataset/coil-20-proc/obj1__27.png,0
28,./dataset/coil-20-proc/obj1__28.png,0
29,./dataset/coil-20-proc/obj1__29.png,0
30,./dataset/coil-20-proc/obj1__30.png,0
31,./dataset/coil-20-proc/obj1__31.png,0
32,./dataset/coil-20-proc/obj1__32.png,0
33,./dataset/coil-20-proc/obj1__33.png,0
34,./dataset/coil-20-proc/obj1__34.png,0
35,./dataset/coil-20-proc/obj1__35.png,0
36,./dataset/coil-20-proc/obj1__36.png,0
37,./dataset/coil-20-proc/obj1__37.png,0
38,./dataset/coil-20-proc/obj1__38.png,0
39,./dataset/coil-20-proc/obj1__39.png,0
40,./dataset/coil-20-proc/obj1__40.png,0
41,./dataset/coil-20-proc/obj1__41.png,0
42,./dataset/coil-20-proc/obj1__42.png,0
43,./dataset/coil-20-proc/obj1__43.png,0
44,./dataset/coil-20-proc/obj1__44.png,0
45,./dataset/coil-20-proc/obj1__45.png,0
46,./dataset/coil-20-proc/obj1__46.png,0
47,./dataset/coil-20-proc/obj1__47.png,0
48,./dataset/coil-20-proc/obj1__48.png,0
49,./dataset/coil-20-proc/obj1__49.png,0
50,./dataset/coil-20-proc/obj1__50.png,0
51,./dataset/coil-20-proc/obj1__51.png,0
52,./dataset/coil-20-proc/obj1__52.png,0
53,./dataset/coil-20-proc/obj1__53.png,0
54,./dataset/coil-20-proc/obj1__54.png,0
55,./dataset/coil-20-proc/obj1__55.png,0
56,./dataset/coil-20-proc/obj1__56.png,0
57,./dataset/coil-20-proc/obj1__57.png,0
58,./dataset/coil-20-proc/obj1__58.png,0
59,./dataset/coil-20-proc/obj1__59.png,0
60,./dataset/coil-20-proc/obj1__60.png,0
61,./dataset/coil-20-proc/obj1__61.png,0
62,./dataset/coil-20-proc/obj1__62.png,0
63,./dataset/coil-20-proc/obj1__63.png,0
64,./dataset/coil-20-proc/obj1__64.png,0
65,./dataset/coil-20-proc/obj1__65.png,0
66,./dataset/coil-20-proc/obj1__66.png,0
67,./dataset/coil-20-proc/obj1__67.png,0
68,./dataset/coil-20-proc/obj1__68.png,0
69,./dataset/coil-20-proc/obj1__69.png,0
70,./dataset/coil-20-proc/obj1__70.png,0
71,./dataset/coil-20-proc/obj1__71.png,0
72,./dataset/coil-20-proc/obj2__0.png,15
73,./dataset/coil-20-proc/obj2__1.png,15
74,./dataset/coil-20-proc/obj2__2.png,15
75,./dataset/coil-20-proc/obj2__3.png,15
76,./dataset/coil-20-proc/obj2__4.png,15
77,./dataset/coil-20-proc/obj2__5.png,15
78,./dataset/coil-20-proc/obj2__6.png,15
79,./dataset/coil-20-proc/obj2__7.png,15
80,./dataset/coil-20-proc/obj2__8.png,15
81,./dataset/coil-20-proc/obj2__9.png,15
82,./dataset/coil-20-proc/obj2__10.png,15
83,./dataset/coil-20-proc/obj2__11.png,15
84,./dataset/coil-20-proc/obj2__12.png,15
85,./dataset/coil-20-proc/obj2__13.png,15
86,./dataset/coil-20-proc/obj2__14.png,15
87,./dataset/coil-20-proc/obj2__15.png,15
88,./dataset/coil-20-proc/obj2__16.png,15
89,./dataset/coil-20-proc/obj2__17.png,15
90,./dataset/coil-20-proc/obj2__18.png,15
91,./dataset/coil-20-proc/obj2__19.png,15
92,./dataset/coil-20-proc/obj2__20.png,15
93,./dataset/coil-20-proc/obj2__21.png,15
94,./dataset/coil-20-proc/obj2__22.png,15
95,./dataset/coil-20-proc/obj2__23.png,15
96,./dataset/coil-20-proc/obj2__24.png,15
97,./dataset/coil-20-proc/obj2__25.png,15
98,./dataset/coil-20-proc/obj2__26.png,15
99,./dataset/coil-20-proc/obj2__27.png,15
100,./dataset/coil-20-proc/obj2__28.png,14
101,./dataset/coil-20-proc/obj2__29.png,14
102,./dataset/coil-20-proc/obj2__30.png,14
103,./dataset/coil-20-proc/obj2__31.png,14
104,./dataset/coil-20-proc/obj2__32.png,14
105,./dataset/coil-20-proc/obj2__33.png,14
106,./dataset/coil-20-proc/obj2__34.png,14
107,./dataset/coil-20-proc/obj2__35.png,14
108,./dataset/coil-20-proc/obj2__36.png,14
109,./dataset/coil-20-proc/obj2__37.png,14
110,./dataset/coil-20-proc/obj2__38.png,14
111,./dataset/coil-20-proc/obj2__39.png,14
112,./dataset/coil-20-proc/obj2__40.png,14
113,./dataset/coil-20-proc/obj2__41.png,14
114,./dataset/coil-20-proc/obj2__42.png,14
115,./dataset/coil-20-proc/obj2__43.png,14
116,./dataset/coil-20-proc/obj2__44.png,14
117,./dataset/coil-20-proc/obj2__45.png,14
118,./dataset/coil-20-proc/obj2__46.png,14
119,./dataset/coil-20-proc/obj2__47.png,14
120,./dataset/coil-20-proc/obj2__48.png,14
121,./dataset/coil-20-proc/obj2__49.png,14
122,./dataset/coil-20-proc/obj2__50.png,14
123,./dataset/coil-20-proc/obj2__51.png,14
124,./dataset/coil-20-proc/obj2__52.png,14
125,./dataset/coil-20-proc/obj2__53.png,14
126,./dataset/coil-20-proc/obj2__54.png,14
127,./dataset/coil-20-proc/obj2__55.png,14
128,./dataset/coil-20-proc/obj2__56.png,14
129,./dataset/coil-20-proc/obj2__57.png,14
130,./dataset/coil-20-proc/obj2__58.png,14
131,./dataset/coil-20-proc/obj2__59.png,14
132,./dataset/coil-20-proc/obj2__60.png,14
133,./dataset/coil-20-proc/obj2__61.png,14
134,./dataset/coil-20-proc/obj2__62.png,14
135,./dataset/coil-20-proc/obj2__63.png,14
136,./dataset/coil-20-proc/obj2__64.png,14
137,./dataset/coil-20-proc/obj2__65.png,14
138,./dataset/coil-20-proc/obj2__66.png,14
139,./dataset/coil-20-proc/obj2__67.png,14
140,./dataset/coil-20-proc/obj2__68.png,14
141,./dataset/coil-20-proc/obj2__69.png,14
142,./dataset/coil-20-proc/obj2__70.png,14
143,./dataset/coil-20-proc/obj2__71.png,14
144,./dataset/coil-20-proc/obj3__0.png,16
145,./dataset/coil-20-proc/obj3__1.png,16
146,./dataset/coil-20-proc/obj3__2.png,16
147,./dataset/coil-20-proc/obj3__3.png,16
148,./dataset/coil-20-proc/obj3__4.png,16
149,./dataset/coil-20-proc/obj3__5.png,16
150,./dataset/coil-20-proc/obj3__6.png,16
151,./dataset/coil-20-proc/obj3__7.png,16
152,./dataset/coil-20-proc/obj3__8.png,16
153,./dataset/coil-20-proc/obj3__9.png,16
154,./dataset/coil-20-proc/obj3__10.png,16
155,./dataset/coil-20-proc/obj3__11.png,16
156,./dataset/coil-20-proc/obj3__12.png,16
157,./dataset/coil-20-proc/obj3__13.png,16
158,./dataset/coil-20-proc/obj3__14.png,16
159,./dataset/coil-20-proc/obj3__15.png,16
160,./dataset/coil-20-proc/obj3__16.png,16
161,./dataset/coil-20-proc/obj3__17.png,16
162,./dataset/coil-20-proc/obj3__18.png,16
163,./dataset/coil-20-proc/obj3__19.png,16
164,./dataset/coil-20-proc/obj3__20.png,0
165,./dataset/coil-20-proc/obj3__21.png,0
166,./dataset/coil-20-proc/obj3__22.png,16
167,./dataset/coil-20-proc/obj3__23.png,16
168,./dataset/coil-20-proc/obj3__24.png,16
169,./dataset/coil-20-proc/obj3__25.png,16
170,./dataset/coil-20-proc/obj3__26.png,16
171,./dataset/coil-20-proc/obj3__27.png,16
172,./dataset/coil-20-proc/obj3__28.png,16
173,./dataset/coil-20-proc/obj3__29.png,16
174,./dataset/coil-20-proc/obj3__30.png,16
175,./dataset/coil-20-proc/obj3__31.png,16
176,./dataset/coil-20-proc/obj3__32.png,16
177,./dataset/coil-20-proc/obj3__33.png,16
178,./dataset/coil-20-proc/obj3__34.png,16
179,./dataset/coil-20-proc/obj3__35.png,16
180,./dataset/coil-20-proc/obj3__36.png,16
181,./dataset/coil-20-proc/obj3__37.png,16
182,./dataset/coil-20-proc/obj3__38.png,16
183,./dataset/coil-20-proc/obj3__39.png,16
184,./dataset/coil-20-proc/obj3__40.png,16
185,./dataset/coil-20-proc/obj3__41.png,16
186,./dataset/coil-20-proc/obj3__42.png,16
187,./dataset/coil-20-proc/obj3__43.png,16
188,./dataset/coil-20-proc/obj3__44.png,16
189,./dataset/coil-20-proc/obj3__45.png,16
190,./dataset/coil-20-proc/obj3__46.png,16
191,./dataset/coil-20-proc/obj3__47.png,16
192,./dataset/coil-20-proc/obj3__48.png,16
193,./dataset/coil-20-proc/obj3__49.png,16
194,./dataset/coil-20-proc/obj3__50.png,16
195,./dataset/coil-20-proc/obj3__51.png,16
196,./dataset/coil-20-proc/obj3__52.png,16
197,./dataset/coil-20-proc/obj3__53.png,16
198,./dataset/coil-20-proc/obj3__54.png,16
199,./dataset/coil-20-proc/obj3__55.png,16
200,./dataset/coil-20-proc/obj3__56.png,16
201,./dataset/coil-20-proc/obj3__57.png,16
202,./dataset/coil-20-proc/obj3__58.png,16
203,./dataset/coil-20-proc/obj3__59.png,16
204,./dataset/coil-20-proc/obj3__60.png,16
205,./dataset/coil-20-proc/obj3__61.png,16
206,./dataset/coil-20-proc/obj3__62.png,16
207,./dataset/coil-20-proc/obj3__63.png,16
208,./dataset/coil-20-proc/obj3__64.png,16
209,./dataset/coil-20-proc/obj3__65.png,16
210,./dataset/coil-20-proc/obj3__66.png,16
211,./dataset/coil-20-proc/obj3__67.png,16
212,./dataset/coil-20-proc/obj3__68.png,16
213,./dataset/coil-20-proc/obj3__69.png,16
214,./dataset/coil-20-proc/obj3__70.png,16
215,./dataset/coil-20-proc/obj3__71.png,16
216,./dataset/coil-20-proc/obj4__0.png,13
217,./dataset/coil-20-proc/obj4__1.png,13
218,./dataset/coil-20-proc/obj4__2.png,13
219,./dataset/coil-20-proc/obj4__3.png,13
220,./dataset/coil-20-proc/obj4__4.png,13
221,./dataset/coil-20-proc/obj4__5.png,13
222,./dataset/coil-20-proc/obj4__6.png,13
223,./dataset/coil-20-proc/obj4__7.png,13
224,./dataset/coil-20-proc/obj4__8.png,13
225,./dataset/coil-20-proc/obj4__9.png,13
226,./dataset/coil-20-proc/obj4__10.png,13
227,./dataset/coil-20-proc/obj4__11.png,13
228,./dataset/coil-20-proc/obj4__12.png,13
229,./dataset/coil-20-proc/obj4__13.png,13
230,./dataset/coil-20-proc/obj4__14.png,13
231,./dataset/coil-20-proc/obj4__15.png,13
232,./dataset/coil-20-proc/obj4__16.png,13
233,./dataset/coil-20-proc/obj4__17.png,13
234,./dataset/coil-20-proc/obj4__18.png,13
235,./dataset/coil-20-proc/obj4__19.png,13
236,./dataset/coil-20-proc/obj4__20.png,13
237,./dataset/coil-20-proc/obj4__21.png,13
238,./dataset/coil-20-proc/obj4__22.png,13
239,./dataset/coil-20-proc/obj4__23.png,13
240,./dataset/coil-20-proc/obj4__24.png,13
241,./dataset/coil-20-proc/obj4__25.png,13
242,./dataset/coil-20-proc/obj4__26.png,13
243,./dataset/coil-20-proc/obj4__27.png,13
244,./dataset/coil-20-proc/obj4__28.png,13
245,./dataset/coil-20-proc/obj4__29.png,13
246,./dataset/coil-20-proc/obj4__30.png,13
247,./dataset/coil-20-proc/obj4__31.png,13
248,./dataset/coil-20-proc/obj4__32.png,13
249,./dataset/coil-20-proc/obj4__33.png,13
250,./dataset/coil-20-proc/obj4__34.png,13
251,./dataset/coil-20-proc/obj4__35.png,13
252,./dataset/coil-20-proc/obj4__36.png,13
253,./dataset/coil-20-proc/obj4__37.png,13
254,./dataset/coil-20-proc/obj4__38.png,13
255,./dataset/coil-20-proc/obj4__39.png,13
256,./dataset/coil-20-proc/obj4__40.png,13
257,./dataset/coil-20-proc/obj4__41.png,13
258,./dataset/coil-20-proc/obj4__42.png,13
259,./dataset/coil-20-proc/obj4__43.png,13
260,./dataset/coil-20-proc/obj4__44.png,13
261,./dataset/coil-20-proc/obj4__45.png,13
262,./dataset/coil-20-proc/obj4__46.png,13
263,./dataset/coil-20-proc/obj4__47.png,13
264,./dataset/coil-20-proc/obj4__48.png,13
265,./dataset/coil-20-proc/obj4__49.png,13
266,./dataset/coil-20-proc/obj4__50.png,13
267,./dataset/coil-20-proc/obj4__51.png,13
268,./dataset/coil-20-proc/obj4__52.png,13
269,./dataset/coil-20-proc/obj4__53.png,13
270,./dataset/coil-20-proc/obj4__54.png,13
271,./dataset/coil-20-proc/obj4__55.png,13
272,./dataset/coil-20-proc/obj4__56.png,13
273,./dataset/coil-20-proc/obj4__57.png,13
274,./dataset/coil-20-proc/obj4__58.png,13
275,./dataset/coil-20-proc/obj4__59.png,13
276,./dataset/coil-20-proc/obj4__60.png,13
277,./dataset/coil-20-proc/obj4__61.png,13
278,./dataset/coil-20-proc/obj4__62.png,13
279,./dataset/coil-20-proc/obj4__63.png,13
280,./dataset/coil-20-proc/obj4__64.png,13
281,./dataset/coil-20-proc/obj4__65.png,13
282,./dataset/coil-20-proc/obj4__66.png,13
283,./dataset/coil-20-proc/obj4__67.png,13
284,./dataset/coil-20-proc/obj4__68.png,13
285,./dataset/coil-20-proc/obj4__69.png,13
286,./dataset/coil-20-proc/obj4__70.png,13
287,./dataset/coil-20-proc/obj4__71.png,13
288,./dataset/coil-20-proc/obj5__0.png,6
289,./dataset/coil-20-proc/obj5__1.png,6
290,./dataset/coil-20-proc/obj5__2.png,6
291,./dataset/coil-20-proc/obj5__3.png,6
292,./dataset/coil-20-proc/obj5__4.png,6
293,./dataset/coil-20-proc/obj5__5.png,6
294,./dataset/coil-20-proc/obj5__6.png,6
295,./dataset/coil-20-proc/obj5__7.png,6
296,./dataset/coil-20-proc/obj5__8.png,6
297,./dataset/coil-20-proc/obj5__9.png,6
298,./dataset/coil-20-proc/obj5__10.png,6
299,./dataset/coil-20-proc/obj5__11.png,6
300,./dataset/coil-20-proc/obj5__12.png,0
301,./dataset/coil-20-proc/obj5__13.png,0
302,./dataset/coil-20-proc/obj5__14.png,0
303,./dataset/coil-20-proc/obj5__15.png,0
304,./dataset/coil-20-proc/obj5__16.png,0
305,./dataset/coil-20-proc/obj5__17.png,0
306,./dataset/coil-20-proc/obj5__18.png,0
307,./dataset/coil-20-proc/obj5__19.png,0
308,./dataset/coil-20-proc/obj5__20.png,0
309,./dataset/coil-20-proc/obj5__21.png,0
310,./dataset/coil-20-proc/obj5__22.png,0
311,./dataset/coil-20-proc/obj5__23.png,4
312,./dataset/coil-20-proc/obj5__24.png,4
313,./dataset/coil-20-proc/obj5__25.png,4
314,./dataset/coil-20-proc/obj5__26.png,4
315,./dataset/coil-20-proc/obj5__27.png,4
316,./dataset/coil-20-proc/obj5__28.png,4
317,./dataset/coil-20-proc/obj5__29.png,4
318,./dataset/coil-20-proc/obj5__30.png,4
319,./dataset/coil-20-proc/obj5__31.png,4
320,./dataset/coil-20-proc/obj5__32.png,4
321,./dataset/coil-20-proc/obj5__33.png,4
322,./dataset/coil-20-proc/obj5__34.png,4
323,./dataset/coil-20-proc/obj5__35.png,4
324,./dataset/coil-20-proc/obj5__36.png,4
325,./dataset/coil-20-proc/obj5__37.png,4
326,./dataset/coil-20-proc/obj5__38.png,4
327,./dataset/coil-20-proc/obj5__39.png,4
328,./dataset/coil-20-proc/obj5__40.png,4
329,./dataset/coil-20-proc/obj5__41.png,4
330,./dataset/coil-20-proc/obj5__42.png,4
331,./dataset/coil-20-proc/obj5__43.png,4
332,./dataset/coil-20-proc/obj5__44.png,4
333,./dataset/coil-20-proc/obj5__45.png,4
334,./dataset/coil-20-proc/obj5__46.png,4
335,./dataset/coil-20-proc/obj5__47.png,4
336,./dataset/coil-20-proc/obj5__48.png,4
337,./dataset/coil-20-proc/obj5__49.png,4
338,./dataset/coil-20-proc/obj5__50.png,4
339,./dataset/coil-20-proc/obj5__51.png,4
340,./dataset/coil-20-proc/obj5__52.png,4
341,./dataset/coil-20-proc/obj5__53.png,4
342,./dataset/coil-20-proc/obj5__54.png,4
343,./dataset/coil-20-proc/obj5__55.png,4
344,./dataset/coil-20-proc/obj5__56.png,4
345,./dataset/coil-20-proc/obj5__57.png,4
346,./dataset/coil-20-proc/obj5__58.png,4
347,./dataset/coil-20-proc/obj5__59.png,4
348,./dataset/coil-20-proc/obj5__60.png,4
349,./dataset/coil-20-proc/obj5__61.png,4
350,./dataset/coil-20-proc/obj5__62.png,4
351,./dataset/coil-20-proc/obj5__63.png,4
352,./dataset/coil-20-proc/obj5__64.png,6
353,./dataset/coil-20-proc/obj5__65.png,6
354,./dataset/coil-20-proc/obj5__66.png,6
355,./dataset/coil-20-proc/obj5__67.png,6
356,./dataset/coil-20-proc/obj5__68.png,6
357,./dataset/coil-20-proc/obj5__69.png,6
358,./dataset/coil-20-proc/obj5__70.png,6
359,./dataset/coil-20-proc/obj5__71.png,6
360,./dataset/coil-20-proc/obj6__0.png,16
361,./dataset/coil-20-proc/obj6__1.png,16
362,./dataset/coil-20-proc/obj6__2.png,16
363,./dataset/coil-20-proc/obj6__3.png,16
364,./dataset/coil-20-proc/obj6__4.png,16
365,./dataset/coil-20-proc/obj6__5.png,16
366,./dataset/coil-20-proc/obj6__6.png,16
367,./dataset/coil-20-proc/obj6__7.png,16
368,./dataset/coil-20-proc/obj6__8.png,16
369,./dataset/coil-20-proc/obj6__9.png,16
370,./dataset/coil-20-proc/obj6__10.png,16
371,./dataset/coil-20-proc/obj6__11.png,16
372,./dataset/coil-20-proc/obj6__12.png,16
373,./dataset/coil-20-proc/obj6__13.png,16
374,./dataset/coil-20-proc/obj6__14.png,16
375,./dataset/coil-20-proc/obj6__15.png,16
376,./dataset/coil-20-proc/obj6__16.png,16
377,./dataset/coil-20-proc/obj6__17.png,16
378,./dataset/coil-20-proc/obj6__18.png,16
379,./dataset/coil-20-proc/obj6__19.png,16
380,./dataset/coil-20-proc/obj6__20.png,16
381,./dataset/coil-20-proc/obj6__21.png,16
382,./dataset/coil-20-proc/obj6__22.png,16
383,./dataset/coil-20-proc/obj6__23.png,16
384,./dataset/coil-20-proc/obj6__24.png,16
385,./dataset/coil-20-proc/obj6__25.png,16
386,./dataset/coil-20-proc/obj6__26.png,16
387,./dataset/coil-20-proc/obj6__27.png,16
388,./dataset/coil-20-proc/obj6__28.png,16
389,./dataset/coil-20-proc/obj6__29.png,16
390,./dataset/coil-20-proc/obj6__30.png,16
391,./dataset/coil-20-proc/obj6__31.png,16
392,./dataset/coil-20-proc/obj6__32.png,16
393,./dataset/coil-20-proc/obj6__33.png,16
394,./dataset/coil-20-proc/obj6__34.png,16
395,./dataset/coil-20-proc/obj6__35.png,16
396,./dataset/coil-20-proc/obj6__36.png,16
397,./dataset/coil-20-proc/obj6__37.png,16
398,./dataset/coil-20-proc/obj6__38.png,16
399,./dataset/coil-20-proc/obj6__39.png,16
400,./dataset/coil-20-proc/obj6__40.png,16
401,./dataset/coil-20-proc/obj6__41.png,16
402,./dataset/coil-20-proc/obj6__42.png,16
403,./dataset/coil-20-proc/obj6__43.png,16
404,./dataset/coil-20-proc/obj6__44.png,16
405,./dataset/coil-20-proc/obj6__45.png,16
406,./dataset/coil-20-proc/obj6__46.png,16
407,./dataset/coil-20-proc/obj6__47.png,16
408,./dataset/coil-20-proc/obj6__48.png,16
409,./dataset/coil-20-proc/obj6__49.png,16
410,./dataset/coil-20-proc/obj6__50.png,16
411,./dataset/coil-20-proc/obj6__51.png,16
412,./dataset/coil-20-proc/obj6__52.png,16
413,./dataset/coil-20-proc/obj6__53.png,16
414,./dataset/coil-20-proc/obj6__54.png,16
415,./dataset/coil-20-proc/obj6__55.png,16
416,./dataset/coil-20-proc/obj6__56.png,16
417,./dataset/coil-20-proc/obj6__57.png,16
418,./dataset/coil-20-proc/obj6__58.png,16
419,./dataset/coil-20-proc/obj6__59.png,16
420,./dataset/coil-20-proc/obj6__60.png,16
421,./dataset/coil-20-proc/obj6__61.png,16
422,./dataset/coil-20-proc/obj6__62.png,16
423,./dataset/coil-20-proc/obj6__63.png,16
424,./dataset/coil-20-proc/obj6__64.png,16
425,./dataset/coil-20-proc/obj6__65.png,16
426,./dataset/coil-20-proc/obj6__66.png,16
427,./dataset/coil-20-proc/obj6__67.png,16
428,./dataset/coil-20-proc/obj6__68.png,16
429,./dataset/coil-20-proc/obj6__69.png,16
430,./dataset/coil-20-proc/obj6__70.png,16
431,./dataset/coil-20-proc/obj6__71.png,16
432,./dataset/coil-20-proc/obj7__0.png,14
433,./dataset/coil-20-proc/obj7__1.png,14
434,./dataset/coil-20-proc/obj7__2.png,14
435,./dataset/coil-20-proc/obj7__3.png,14
436,./dataset/coil-20-proc/obj7__4.png,14
437,./dataset/coil-20-proc/obj7__5.png,14
438,./dataset/coil-20-proc/obj7__6.png,14
439,./dataset/coil-20-proc/obj7__7.png,14
440,./dataset/coil-20-proc/obj7__8.png,14
441,./dataset/coil-20-proc/obj7__9.png,14
442,./dataset/coil-20-proc/obj7__10.png,14
443,./dataset/coil-20-proc/obj7__11.png,14
444,./dataset/coil-20-proc/obj7__12.png,14
445,./dataset/coil-20-proc/obj7__13.png,14
446,./dataset/coil-20-proc/obj7__14.png,14
447,./dataset/coil-20-proc/obj7__15.png,14
448,./dataset/coil-20-proc/obj7__16.png,14
449,./dataset/coil-20-proc/obj7__17.png,14
450,./dataset/coil-20-proc/obj7__18.png,14
451,./dataset/coil-20-proc/obj7__19.png,14
452,./dataset/coil-20-proc/obj7__20.png,14
453,./dataset/coil-20-proc/obj7__21.png,14
454,./dataset/coil-20-proc/obj7__22.png,14
455,./dataset/coil-20-proc/obj7__23.png,14
456,./dataset/coil-20-proc/obj7__24.png,14
457,./dataset/coil-20-proc/obj7__25.png,14
458,./dataset/coil-20-proc/obj7__26.png,14
459,./dataset/coil-20-proc/obj7__27.png,14
460,./dataset/coil-20-proc/obj7__28.png,14
461,./dataset/coil-20-proc/obj7__29.png,14
462,./dataset/coil-20-proc/obj7__30.png,14
463,./dataset/coil-20-proc/obj7__31.png,14
464,./dataset/coil-20-proc/obj7__32.png,14
465,./dataset/coil-20-proc/obj7__33.png,14
466,./dataset/coil-20-proc/obj7__34.png,14
467,./dataset/coil-20-proc/obj7__35.png,14
468,./dataset/coil-20-proc/obj7__36.png,14
469,./dataset/coil-20-proc/obj7__37.png,14
470,./dataset/coil-20-proc/obj7__38.png,14
471,./dataset/coil-20-proc/obj7__39.png,14
472,./dataset/coil-20-proc/obj7__40.png,14
473,./dataset/coil-20-proc/obj7__41.png,14
474,./dataset/coil-20-proc/obj7__42.png,14
475,./dataset/coil-20-proc/obj7__43.png,14
476,./dataset/coil-20-proc/obj7__44.png,14
477,./dataset/coil-20-proc/obj7__45.png,14
478,./dataset/coil-20-proc/obj7__46.png,14
479,./dataset/coil-20-proc/obj7__47.png,14
480,./dataset/coil-20-proc/obj7__48.png,14
481,./dataset/coil-20-proc/obj7__49.png,14
482,./dataset/coil-20-proc/obj7__50.png,14
483,./dataset/coil-20-proc/obj7__51.png,14
484,./dataset/coil-20-proc/obj7__52.png,14
485,./dataset/coil-20-proc/obj7__53.png,14
486,./dataset/coil-20-proc/obj7__54.png,14
487,./dataset/coil-20-proc/obj7__55.png,14
488,./dataset/coil-20-proc/obj7__56.png,14
489,./dataset/coil-20-proc/obj7__57.png,14
490,./dataset/coil-20-proc/obj7__58.png,14
491,./dataset/coil-20-proc/obj7__59.png,14
492,./dataset/coil-20-proc/obj7__60.png,14
493,./dataset/coil-20-proc/obj7__61.png,14
494,./dataset/coil-20-proc/obj7__62.png,14
495,./dataset/coil-20-proc/obj7__63.png,14
496,./dataset/coil-20-proc/obj7__64.png,14
497,./dataset/coil-20-proc/obj7__65.png,14
498,./dataset/coil-20-proc/obj7__66.png,14
499,./dataset/coil-20-proc/obj7__67.png,14
500,./dataset/coil-20-proc/obj7__68.png,14
501,./dataset/coil-20-proc/obj7__69.png,14
502,./dataset/coil-20-proc/obj7__70.png,14
503,./dataset/coil-20-proc/obj7__71.png,14
504,./dataset/coil-20-proc/obj8__0.png,13
505,./dataset/coil-20-proc/obj8__1.png,13
506,./dataset/coil-20-proc/obj8__2.png,13
507,./dataset/coil-20-proc/obj8__3.png,13
508,./dataset/coil-20-proc/obj8__4.png,13
509,./dataset/coil-20-proc/obj8__5.png,13
510,./dataset/coil-20-proc/obj8__6.png,13
511,./dataset/coil-20-proc/obj8__7.png,13
512,./dataset/coil-20-proc/obj8__8.png,13
513,./dataset/coil-20-proc/obj8__9.png,13
514,./dataset/coil-20-proc/obj8__10.png,13
515,./dataset/coil-20-proc/obj8__11.png,13
516,./dataset/coil-20-proc/obj8__12.png,13
517,./dataset/coil-20-proc/obj8__13.png,13
518,./dataset/coil-20-proc/obj8__14.png,13
519,./dataset/coil-20-proc/obj8__15.png,13
520,./dataset/coil-20-proc/obj8__16.png,13
521,./dataset/coil-20-proc/obj8__17.png,13
522,./dataset/coil-20-proc/obj8__18.png,13
523,./dataset/coil-20-proc/obj8__19.png,13
524,./dataset/coil-20-proc/obj8__20.png,13
525,./dataset/coil-20-proc/obj8__21.png,13
526,./dataset/coil-20-proc/obj8__22.png,13
527,./dataset/coil-20-proc/obj8__23.png,13
528,./dataset/coil-20-proc/obj8__24.png,13
529,./dataset/coil-20-proc/obj8__25.png,13
530,./dataset/coil-20-proc/obj8__26.png,13
531,./dataset/coil-20-proc/obj8__27.png,13
532,./dataset/coil-20-proc/obj8__28.png,13
533,./dataset/coil-20-proc/obj8__29.png,13
534,./dataset/coil-20-proc/obj8__30.png,13
535,./dataset/coil-20-proc/obj8__31.png,13
536,./dataset/coil-20-proc/obj8__32.png,13
537,./dataset/coil-20-proc/obj8__33.png,13
538,./dataset/coil-20-proc/obj8__34.png,13
539,./dataset/coil-20-proc/obj8__35.png,13
540,./dataset/coil-20-proc/obj8__36.png,13
541,./dataset/coil-20-proc/obj8__37.png,13
542,./dataset/coil-20-proc/obj8__38.png,13
543,./dataset/coil-20-proc/obj8__39.png,13
544,./dataset/coil-20-proc/obj8__40.png,13
545,./dataset/coil-20-proc/obj8__41.png,13
546,./dataset/coil-20-proc/obj8__42.png,13
547,./dataset/coil-20-proc/obj8__43.png,13
548,./dataset/coil-20-proc/obj8__44.png,13
549,./dataset/coil-20-proc/obj8__45.png,13
550,./dataset/coil-20-proc/obj8__46.png,13
551,./dataset/coil-20-proc/obj8__47.png,13
552,./dataset/coil-20-proc/obj8__48.png,13
553,./dataset/coil-20-proc/obj8__49.png,13
554,./dataset/coil-20-proc/obj8__50.png,13
555,./dataset/coil-20-proc/obj8__51.png,13
556,./dataset/coil-20-proc/obj8__52.png,13
557,./dataset/coil-20-proc/obj8__53.png,13
558,./dataset/coil-20-proc/obj8__54.png,13
559,./dataset/coil-20-proc/obj8__55.png,13
560,./dataset/coil-20-proc/obj8__56.png,13
561,./dataset/coil-20-proc/obj8__57.png,13
562,./dataset/coil-20-proc/obj8__58.png,13
563,./dataset/coil-20-proc/obj8__59.png,13
564,./dataset/coil-20-proc/obj8__60.png,13
565,./dataset/coil-20-proc/obj8__61.png,13
566,./dataset/coil-20-proc/obj8__62.png,13
567,./dataset/coil-20-proc/obj8__63.png,13
568,./dataset/coil-20-proc/obj8__64.png,13
569,./dataset/coil-20-proc/obj8__65.png,13
570,./dataset/coil-20-proc/obj8__66.png,13
571,./dataset/coil-20-proc/obj8__67.png,13
572,./dataset/coil-20-proc/obj8__68.png,13
573,./dataset/coil-20-proc/obj8__69.png,13
574,./dataset/coil-20-proc/obj8__70.png,13
575,./dataset/coil-20-proc/obj8__71.png,13
576,./dataset/coil-20-proc/obj9__0.png,6
577,./dataset/coil-20-proc/obj9__1.png,6
578,./dataset/coil-20-proc/obj9__2.png,6
579,./dataset/coil-20-proc/obj9__3.png,6
580,./dataset/coil-20-proc/obj9__4.png,6
581,./dataset/coil-20-proc/obj9__5.png,6
582,./dataset/coil-20-proc/obj9__6.png,6
583,./dataset/coil-20-proc/obj9__7.png,6
584,./dataset/coil-20-proc/obj9__8.png,6
585,./dataset/coil-20-proc/obj9__9.png,6
586,./dataset/coil-20-proc/obj9__10.png,6
587,./dataset/coil-20-proc/obj9__11.png,6
588,./dataset/coil-20-proc/obj9__12.png,6
589,./dataset/coil-20-proc/obj9__13.png,6
590,./dataset/coil-20-proc/obj9__14.png,6
591,./dataset/coil-20-proc/obj9__15.png,6
592,./dataset/coil-20-proc/obj9__16.png,6
593,./dataset/coil-20-proc/obj9__17.png,6
594,./dataset/coil-20-proc/obj9__18.png,6
595,./dataset/coil-20-proc/obj9__19.png,6
596,./dataset/coil-20-proc/obj9__20.png,6
597,./dataset/coil-20-proc/obj9__21.png,6
598,./dataset/coil-20-proc/obj9__22.png,6
599,./dataset/coil-20-proc/obj9__23.png,6
600,./dataset/coil-20-proc/obj9__24.png,6
601,./dataset/coil-20-proc/obj9__25.png,6
602,./dataset/coil-20-proc/obj9__26.png,6
603,./dataset/coil-20-proc/obj9__27.png,6
604,./dataset/coil-20-proc/obj9__28.png,6
605,./dataset/coil-20-proc/obj9__29.png,6
606,./dataset/coil-20-proc/obj9__30.png,6
607,./dataset/coil-20-proc/obj9__31.png,6
608,./dataset/coil-20-proc/obj9__32.png,6
609,./dataset/coil-20-proc/obj9__33.png,6
610,./dataset/coil-20-proc/obj9__34.png,6
611,./dataset/coil-20-proc/obj9__35.png,6
612,./dataset/coil-20-proc/obj9__36.png,6
613,./dataset/coil-20-proc/obj9__37.png,6
614,./dataset/coil-20-proc/obj9__38.png,6
615,./dataset/coil-20-proc/obj9__39.png,6
616,./dataset/coil-20-proc/obj9__40.png,6
617,./dataset/coil-20-proc/obj9__41.png,6
618,./dataset/coil-20-proc/obj9__42.png,6
619,./dataset/coil-20-proc/obj9__43.png,6
620,./dataset/coil-20-proc/obj9__44.png,6
621,./dataset/coil-20-proc/obj9__45.png,6
622,./dataset/coil-20-proc/obj9__46.png,6
623,./dataset/coil-20-proc/obj9__47.png,6
624,./dataset/coil-20-proc/obj9__48.png,6
625,./dataset/coil-20-proc/obj9__49.png,6
626,./dataset/coil-20-proc/obj9__50.png,6
627,./dataset/coil-20-proc/obj9__51.png,6
628,./dataset/coil-20-proc/obj9__52.png,6
629,./dataset/coil-20-proc/obj9__53.png,6
630,./dataset/coil-20-proc/obj9__54.png,6
631,./dataset/coil-20-proc/obj9__55.png,6
632,./dataset/coil-20-proc/obj9__56.png,6
633,./dataset/coil-20-proc/obj9__57.png,6
634,./dataset/coil-20-proc/obj9__58.png,6
635,./dataset/coil-20-proc/obj9__59.png,6
636,./dataset/coil-20-proc/obj9__60.png,6
637,./dataset/coil-20-proc/obj9__61.png,6
638,./dataset/coil-20-proc/obj9__62.png,6
639,./dataset/coil-20-proc/obj9__63.png,6
640,./dataset/coil-20-proc/obj9__64.png,6
641,./dataset/coil-20-proc/obj9__65.png,6
642,./dataset/coil-20-proc/obj9__66.png,6
643,./dataset/coil-20-proc/obj9__67.png,6
644,./dataset/coil-20-proc/obj9__68.png,6
645,./dataset/coil-20-proc/obj9__69.png,6
646,./dataset/coil-20-proc/obj9__70.png,6
647,./dataset/coil-20-proc/obj9__71.png,6
648,./dataset/coil-20-proc/obj10__0.png,9
649,./dataset/coil-20-proc/obj10__1.png,9
650,./dataset/coil-20-proc/obj10__2.png,9
651,./dataset/coil-20-proc/obj10__3.png,9
652,./dataset/coil-20-proc/obj10__4.png,9
653,./dataset/coil-20-proc/obj10__5.png,9
654,./dataset/coil-20-proc/obj10__6.png,9
655,./dataset/coil-20-proc/obj10__7.png,9
656,./dataset/coil-20-proc/obj10__8.png,9
657,./dataset/coil-20-proc/obj10__9.png,9
658,./dataset/coil-20-proc/obj10__10.png,9
659,./dataset/coil-20-proc/obj10__11.png,9
660,./dataset/coil-20-proc/obj10__12.png,9
661,./dataset/coil-20-proc/obj10__13.png,9
662,./dataset/coil-20-proc/obj10__14.png,9
663,./dataset/coil-20-proc/obj10__15.png,9
664,./dataset/coil-20-proc/obj10__16.png,9
665,./dataset/coil-20-proc/obj10__17.png,9
666,./dataset/coil-20-proc/obj10__18.png,9
667,./dataset/coil-20-proc/obj10__19.png,9
668,./dataset/coil-20-proc/obj10__20.png,9
669,./dataset/coil-20-proc/obj10__21.png,9
670,./dataset/coil-20-proc/obj10__22.png,9
671,./dataset/coil-20-proc/obj10__23.png,9
672,./dataset/coil-20-proc/obj10__24.png,9
673,./dataset/coil-20-proc/obj10__25.png,9
674,./dataset/coil-20-proc/obj10__26.png,9
675,./dataset/coil-20-proc/obj10__27.png,9
676,./dataset/coil-20-proc/obj10__28.png,9
677,./dataset/coil-20-proc/obj10__29.png,9
678,./dataset/coil-20-proc/obj10__30.png,9
679,./dataset/coil-20-proc/obj10__31.png,9
680,./dataset/coil-20-proc/obj10__32.png,9
681,./dataset/coil-20-proc/obj10__33.png,9
682,./dataset/coil-20-proc/obj10__34.png,9
683,./dataset/coil-20-proc/obj10__35.png,9
684,./dataset/coil-20-proc/obj10__36.png,9
685,./dataset/coil-20-proc/obj10__37.png,9
686,./dataset/coil-20-proc/obj10__38.png,9
687,./dataset/coil-20-proc/obj10__39.png,9
688,./dataset/coil-20-proc/obj10__40.png,9
689,./dataset/coil-20-proc/obj10__41.png,9
690,./dataset/coil-20-proc/obj10__42.png,9
691,./dataset/coil-20-proc/obj10__43.png,9
692,./dataset/coil-20-proc/obj10__44.png,9
693,./dataset/coil-20-proc/obj10__45.png,9
694,./dataset/coil-20-proc/obj10__46.png,9
695,./dataset/coil-20-proc/obj10__47.png,9
696,./dataset/coil-20-proc/obj10__48.png,9
697,./dataset/coil-20-proc/obj10__49.png,9
698,./dataset/coil-20-proc/obj10__50.png,9
699,./dataset/coil-20-proc/obj10__51.png,9
700,./dataset/coil-20-proc/obj10__52.png,7
701,./dataset/coil-20-proc/obj10__53.png,7
702,./dataset/coil-20-proc/obj10__54.png,7
703,./dataset/coil-20-proc/obj10__55.png,7
704,./dataset/coil-20-proc/obj10__56.png,7
705,./dataset/coil-20-proc/obj10__57.png,7
706,./dataset/coil-20-proc/obj10__58.png,7
707,./dataset/coil-20-proc/obj10__59.png,7
708,./dataset/coil-20-proc/obj10__60.png,7
709,./dataset/coil-20-proc/obj10__61.png,7
710,./dataset/coil-20-proc/obj10__62.png,7
711,./dataset/coil-20-proc/obj10__63.png,7
712,./dataset/coil-20-proc/obj10__64.png,7
713,./dataset/coil-20-proc/obj10__65.png,7
714,./dataset/coil-20-proc/obj10__66.png,7
715,./dataset/coil-20-proc/obj10__67.png,7
716,./dataset/coil-20-proc/obj10__68.png,7
717,./dataset/coil-20-proc/obj10__69.png,7
718,./dataset/coil-20-proc/obj10__70.png,7
719,./dataset/coil-20-proc/obj10__71.png,7
720,./dataset/coil-20-proc/obj11__0.png,10
721,./dataset/coil-20-proc/obj11__1.png,10
722,./dataset/coil-20-proc/obj11__2.png,10
723,./dataset/coil-20-proc/obj11__3.png,10
724,./dataset/coil-20-proc/obj11__4.png,10
725,./dataset/coil-20-proc/obj11__5.png,10
726,./dataset/coil-20-proc/obj11__6.png,10
727,./dataset/coil-20-proc/obj11__7.png,10
728,./dataset/coil-20-proc/obj11__8.png,10
729,./dataset/coil-20-proc/obj11__9.png,10
730,./dataset/coil-20-proc/obj11__10.png,10
731,./dataset/coil-20-proc/obj11__11.png,10
732,./dataset/coil-20-proc/obj11__12.png,10
733,./dataset/coil-20-proc/obj11__13.png,10
734,./dataset/coil-20-proc/obj11__14.png,10
735,./dataset/coil-20-proc/obj11__15.png,10
736,./dataset/coil-20-proc/obj11__16.png,10
737,./dataset/coil-20-proc/obj11__17.png,10
738,./dataset/coil-20-proc/obj11__18.png,10
739,./dataset/coil-20-proc/obj11__19.png,10
740,./dataset/coil-20-proc/obj11__20.png,10
741,./dataset/coil-20-proc/obj11__21.png,10
742,./dataset/coil-20-proc/obj11__22.png,10
743,./dataset/coil-20-proc/obj11__23.png,10
744,./dataset/coil-20-proc/obj11__24.png,10
745,./dataset/coil-20-proc/obj11__25.png,10
746,./dataset/coil-20-proc/obj11__26.png,10
747,./dataset/coil-20-proc/obj11__27.png,10
748,./dataset/coil-20-proc/obj11__28.png,10
749,./dataset/coil-20-proc/obj11__29.png,10
750,./dataset/coil-20-proc/obj11__30.png,10
751,./dataset/coil-20-proc/obj11__31.png,10
752,./dataset/coil-20-proc/obj11__32.png,10
753,./dataset/coil-20-proc/obj11__33.png,10
754,./dataset/coil-20-proc/obj11__34.png,10
755,./dataset/coil-20-proc/obj11__35.png,10
756,./dataset/coil-20-proc/obj11__36.png,10
757,./dataset/coil-20-proc/obj11__37.png,10
758,./dataset/coil-20-proc/obj11__38.png,10
759,./dataset/coil-20-proc/obj11__39.png,10
760,./dataset/coil-20-proc/obj11__40.png,10
761,./dataset/coil-20-proc/obj11__41.png,10
762,./dataset/coil-20-proc/obj11__42.png,10
763,./dataset/coil-20-proc/obj11__43.png,10
764,./dataset/coil-20-proc/obj11__44.png,10
765,./dataset/coil-20-proc/obj11__45.png,10
766,./dataset/coil-20-proc/obj11__46.png,10
767,./dataset/coil-20-proc/obj11__47.png,10
768,./dataset/coil-20-proc/obj11__48.png,10
769,./dataset/coil-20-proc/obj11__49.png,10
770,./dataset/coil-20-proc/obj11__50.png,10
771,./dataset/coil-20-proc/obj11__51.png,10
772,./dataset/coil-20-proc/obj11__52.png,10
773,./dataset/coil-20-proc/obj11__53.png,10
774,./dataset/coil-20-proc/obj11__54.png,10
775,./dataset/coil-20-proc/obj11__55.png,10
776,./dataset/coil-20-proc/obj11__56.png,10
777,./dataset/coil-20-proc/obj11__57.png,10
778,./dataset/coil-20-proc/obj11__58.png,10
779,./dataset/coil-20-proc/obj11__59.png,10
780,./dataset/coil-20-proc/obj11__60.png,10
781,./dataset/coil-20-proc/obj11__61.png,10
782,./dataset/coil-20-proc/obj11__62.png,10
783,./dataset/coil-20-proc/obj11__63.png,10
784,./dataset/coil-20-proc/obj11__64.png,10
785,./dataset/coil-20-proc/obj11__65.png,10
786,./dataset/coil-20-proc/obj11__66.png,10
787,./dataset/coil-20-proc/obj11__67.png,10
788,./dataset/coil-20-proc/obj11__68.png,10
789,./dataset/coil-20-proc/obj11__69.png,10
790,./dataset/coil-20-proc/obj11__70.png,10
791,./dataset/coil-20-proc/obj11__71.png,10
792,./dataset/coil-20-proc/obj12__0.png,18
793,./dataset/coil-20-proc/obj12__1.png,18
794,./dataset/coil-20-proc/obj12__2.png,18
795,./dataset/coil-20-proc/obj12__3.png,18
796,./dataset/coil-20-proc/obj12__4.png,18
797,./dataset/coil-20-proc/obj12__5.png,18
798,./dataset/coil-20-proc/obj12__6.png,18
799,./dataset/coil-20-proc/obj12__7.png,18
800,./dataset/coil-20-proc/obj12__8.png,18
801,./dataset/coil-20-proc/obj12__9.png,18
802,./dataset/coil-20-proc/obj12__10.png,18
803,./dataset/coil-20-proc/obj12__11.png,18
804,./dataset/coil-20-proc/obj12__12.png,18
805,./dataset/coil-20-proc/obj12__13.png,18
806,./dataset/coil-20-proc/obj12__14.png,18
807,./dataset/coil-20-proc/obj12__15.png,18
808,./dataset/coil-20-proc/obj12__16.png,18
809,./dataset/coil-20-proc/obj12__17.png,18
810,./dataset/coil-20-proc/obj12__18.png,18
811,./dataset/coil-20-proc/obj12__19.png,18
812,./dataset/coil-20-proc/obj12__20.png,18
813,./dataset/coil-20-proc/obj12__21.png,18
814,./dataset/coil-20-proc/obj12__22.png,18
815,./dataset/coil-20-proc/obj12__23.png,18
816,./dataset/coil-20-proc/obj12__24.png,18
817,./dataset/coil-20-proc/obj12__25.png,18
818,./dataset/coil-20-proc/obj12__26.png,18
819,./dataset/coil-20-proc/obj12__27.png,18
820,./dataset/coil-20-proc/obj12__28.png,18
821,./dataset/coil-20-proc/obj12__29.png,18
822,./dataset/coil-20-proc/obj12__30.png,18
823,./dataset/coil-20-proc/obj12__31.png,18
824,./dataset/coil-20-proc/obj12__32.png,18
825,./dataset/coil-20-proc/obj12__33.png,18
826,./dataset/coil-20-proc/obj12__34.png,18
827,./dataset/coil-20-proc/obj12__35.png,18
828,./dataset/coil-20-proc/obj12__36.png,18
829,./dataset/coil-20-proc/obj12__37.png,18
830,./dataset/coil-20-proc/obj12__38.png,18
831,./dataset/coil-20-proc/obj12__39.png,18
832,./dataset/coil-20-proc/obj12__40.png,18
833,./dataset/coil-20-proc/obj12__41.png,18
834,./dataset/coil-20-proc/obj12__42.png,18
835,./dataset/coil-20-proc/obj12__43.png,18
836,./dataset/coil-20-proc/obj12__44.png,18
837,./dataset/coil-20-proc/obj12__45.png,18
838,./dataset/coil-20-proc/obj12__46.png,18
839,./dataset/coil-20-proc/obj12__47.png,18
840,./dataset/coil-20-proc/obj12__48.png,18
841,./dataset/coil-20-proc/obj12__49.png,18
842,./dataset/coil-20-proc/obj12__50.png,18
843,./dataset/coil-20-proc/obj12__51.png,18
844,./dataset/coil-20-proc/obj12__52.png,18
845,./dataset/coil-20-proc/obj12__53.png,18
846,./dataset/coil-20-proc/obj12__54.png,18
847,./dataset/coil-20-proc/obj12__55.png,18
848,./dataset/coil-20-proc/obj12__56.png,18
849,./dataset/coil-20-proc/obj12__57.png,18
850,./dataset/coil-20-proc/obj12__58.png,18
851,./dataset/coil-20-proc/obj12__59.png,18
852,./dataset/coil-20-proc/obj12__60.png,18
853,./dataset/coil-20-proc/obj12__61.png,18
854,./dataset/coil-20-proc/obj12__62.png,18
855,./dataset/coil-20-proc/obj12__63.png,18
856,./dataset/coil-20-proc/obj12__64.png,18
857,./dataset/coil-20-proc/obj12__65.png,18
858,./dataset/coil-20-proc/obj12__66.png,18
859,./dataset/coil-20-proc/obj12__67.png,18
860,./dataset/coil-20-proc/obj12__68.png,18
861,./dataset/coil-20-proc/obj12__69.png,18
862,./dataset/coil-20-proc/obj12__70.png,18
863,./dataset/coil-20-proc/obj12__71.png,18
864,./dataset/coil-20-proc/obj13__0.png,7
865,./dataset/coil-20-proc/obj13__1.png,7
866,./dataset/coil-20-proc/obj13__2.png,7
867,./dataset/coil-20-proc/obj13__3.png,7
868,./dataset/coil-20-proc/obj13__4.png,7
869,./dataset/coil-20-proc/obj13__5.png,7
870,./dataset/coil-20-proc/obj13__6.png,7
871,./dataset/coil-20-proc/obj13__7.png,7
872,./dataset/coil-20-proc/obj13__8.png,7
873,./dataset/coil-20-proc/obj13__9.png,7
874,./dataset/coil-20-proc/obj13__10.png,7
875,./dataset/coil-20-proc/obj13__11.png,7
876,./dataset/coil-20-proc/obj13__12.png,7
877,./dataset/coil-20-proc/obj13__13.png,7
878,./dataset/coil-20-proc/obj13__14.png,7
879,./dataset/coil-20-proc/obj13__15.png,7
880,./dataset/coil-20-proc/obj13__16.png,7
881,./dataset/coil-20-proc/obj13__17.png,7
882,./dataset/coil-20-proc/obj13__18.png,7
883,./dataset/coil-20-proc/obj13__19.png,7
884,./dataset/coil-20-proc/obj13__20.png,7
885,./dataset/coil-20-proc/obj13__21.png,7
886,./dataset/coil-20-proc/obj13__22.png,7
887,./dataset/coil-20-proc/obj13__23.png,7
888,./dataset/coil-20-proc/obj13__24.png,7
889,./dataset/coil-20-proc/obj13__25.png,7
890,./dataset/coil-20-proc/obj13__26.png,7
891,./dataset/coil-20-proc/obj13__27.png,7
892,./dataset/coil-20-proc/obj13__28.png,7
893,./dataset/coil-20-proc/obj13__29.png,7
894,./dataset/coil-20-proc/obj13__30.png,7
895,./dataset/coil-20-proc/obj13__31.png,7
896,./dataset/coil-20-proc/obj13__32.png,7
897,./dataset/coil-20-proc/obj13__33.png,7
898,./dataset/coil-20-proc/obj13__34.png,7
899,./dataset/coil-20-proc/obj13__35.png,7
900,./dataset/coil-20-proc/obj13__36.png,7
901,./dataset/coil-20-proc/obj13__37.png,7
902,./dataset/coil-20-proc/obj13__38.png,7
903,./dataset/coil-20-proc/obj13__39.png,7
904,./dataset/coil-20-proc/obj13__40.png,7
905,./dataset/coil-20-proc/obj13__41.png,7
906,./dataset/coil-20-proc/obj13__42.png,7
907,./dataset/coil-20-proc/obj13__43.png,7
908,./dataset/coil-20-proc/obj13__44.png,7
909,./dataset/coil-20-proc/obj13__45.png,7
910,./dataset/coil-20-proc/obj13__46.png,7
911,./dataset/coil-20-proc/obj13__47.png,7
912,./dataset/coil-20-proc/obj13__48.png,7
913,./dataset/coil-20-proc/obj13__49.png,7
914,./dataset/coil-20-proc/obj13__50.png,7
915,./dataset/coil-20-proc/obj13__51.png,7
916,./dataset/coil-20-proc/obj13__52.png,7
917,./dataset/coil-20-proc/obj13__53.png,7
918,./dataset/coil-20-proc/obj13__54.png,7
919,./dataset/coil-20-proc/obj13__55.png,7
920,./dataset/coil-20-proc/obj13__56.png,7
921,./dataset/coil-20-proc/obj13__57.png,7
922,./dataset/coil-20-proc/obj13__58.png,7
923,./dataset/coil-20-proc/obj13__59.png,7
924,./dataset/coil-20-proc/obj13__60.png,7
925,./dataset/coil-20-proc/obj13__61.png,7
926,./dataset/coil-20-proc/obj13__62.png,7
927,./dataset/coil-20-proc/obj13__63.png,7
928,./dataset/coil-20-proc/obj13__64.png,7
929,./dataset/coil-20-proc/obj13__65.png,7
930,./dataset/coil-20-proc/obj13__66.png,7
931,./dataset/coil-20-proc/obj13__67.png,7
932,./dataset/coil-20-proc/obj13__68.png,7
933,./dataset/coil-20-proc/obj13__69.png,7
934,./dataset/coil-20-proc/obj13__70.png,7
935,./dataset/coil-20-proc/obj13__71.png,7
936,./dataset/coil-20-proc/obj14__0.png,8
937,./dataset/coil-20-proc/obj14__1.png,8
938,./dataset/coil-20-proc/obj14__2.png,8
939,./dataset/coil-20-proc/obj14__3.png,8
940,./dataset/coil-20-proc/obj14__4.png,8
941,./dataset/coil-20-proc/obj14__5.png,8
942,./dataset/coil-20-proc/obj14__6.png,8
943,./dataset/coil-20-proc/obj14__7.png,8
944,./dataset/coil-20-proc/obj14__8.png,8
945,./dataset/coil-20-proc/obj14__9.png,8
946,./dataset/coil-20-proc/obj14__10.png,8
947,./dataset/coil-20-proc/obj14__11.png,8
948,./dataset/coil-20-proc/obj14__12.png,8
949,./dataset/coil-20-proc/obj14__13.png,8
950,./dataset/coil-20-proc/obj14__14.png,8
951,./dataset/coil-20-proc/obj14__15.png,8
952,./dataset/coil-20-proc/obj14__16.png,8
953,./dataset/coil-20-proc/obj14__17.png,8
954,./dataset/coil-20-proc/obj14__18.png,8
955,./dataset/coil-20-proc/obj14__19.png,8
956,./dataset/coil-20-proc/obj14__20.png,8
957,./dataset/coil-20-proc/obj14__21.png,8
958,./dataset/coil-20-proc/obj14__22.png,8
959,./dataset/coil-20-proc/obj14__23.png,8
960,./dataset/coil-20-proc/obj14__24.png,8
961,./dataset/coil-20-proc/obj14__25.png,8
962,./dataset/coil-20-proc/obj14__26.png,8
963,./dataset/coil-20-proc/obj14__27.png,8
964,./dataset/coil-20-proc/obj14__28.png,8
965,./dataset/coil-20-proc/obj14__29.png,8
966,./dataset/coil-20-proc/obj14__30.png,8
967,./dataset/coil-20-proc/obj14__31.png,8
968,./dataset/coil-20-proc/obj14__32.png,8
969,./dataset/coil-20-proc/obj14__33.png,8
970,./dataset/coil-20-proc/obj14__34.png,8
971,./dataset/coil-20-proc/obj14__35.png,8
972,./dataset/coil-20-proc/obj14__36.png,8
973,./dataset/coil-20-proc/obj14__37.png,8
974,./dataset/coil-20-proc/obj14__38.png,8
975,./dataset/coil-20-proc/obj14__39.png,8
976,./dataset/coil-20-proc/obj14__40.png,8
977,./dataset/coil-20-proc/obj14__41.png,8
978,./dataset/coil-20-proc/obj14__42.png,8
979,./dataset/coil-20-proc/obj14__43.png,8
980,./dataset/coil-20-proc/obj14__44.png,8
981,./dataset/coil-20-proc/obj14__45.png,8
982,./dataset/coil-20-proc/obj14__46.png,8
983,./dataset/coil-20-proc/obj14__47.png,8
984,./dataset/coil-20-proc/obj14__48.png,8
985,./dataset/coil-20-proc/obj14__49.png,8
986,./dataset/coil-20-proc/obj14__50.png,8
987,./dataset/coil-20-proc/obj14__51.png,8
988,./dataset/coil-20-proc/obj14__52.png,8
989,./dataset/coil-20-proc/obj14__53.png,8
990,./dataset/coil-20-proc/obj14__54.png,8
991,./dataset/coil-20-proc/obj14__55.png,8
992,./dataset/coil-20-proc/obj14__56.png,8
993,./dataset/coil-20-proc/obj14__57.png,8
994,./dataset/coil-20-proc/obj14__58.png,8
995,./dataset/coil-20-proc/obj14__59.png,8
996,./dataset/coil-20-proc/obj14__60.png,8
997,./dataset/coil-20-proc/obj14__61.png,8
998,./dataset/coil-20-proc/obj14__62.png,8
999,./dataset/coil-20-proc/obj14__63.png,8
1000,./dataset/coil-20-proc/obj14__64.png,19
1001,./dataset/coil-20-proc/obj14__65.png,19
1002,./dataset/coil-20-proc/obj14__66.png,19
1003,./dataset/coil-20-proc/obj14__67.png,19
1004,./dataset/coil-20-proc/obj14__68.png,19
1005,./dataset/coil-20-proc/obj14__69.png,19
1006,./dataset/coil-20-proc/obj14__70.png,19
1007,./dataset/coil-20-proc/obj14__71.png,19
1008,./dataset/coil-20-proc/obj15__0.png,1
1009,./dataset/coil-20-proc/obj15__1.png,1
1010,./dataset/coil-20-proc/obj15__2.png,1
1011,./dataset/coil-20-proc/obj15__3.png,1
1012,./dataset/coil-20-proc/obj15__4.png,1
1013,./dataset/coil-20-proc/obj15__5.png,1
1014,./dataset/coil-20-proc/obj15__6.png,1
1015,./dataset/coil-20-proc/obj15__7.png,1
1016,./dataset/coil-20-proc/obj15__8.png,1
1017,./dataset/coil-20-proc/obj15__9.png,1
1018,./dataset/coil-20-proc/obj15__10.png,1
1019,./dataset/coil-20-proc/obj15__11.png,1
1020,./dataset/coil-20-proc/obj15__12.png,1
1021,./dataset/coil-20-proc/obj15__13.png,1
1022,./dataset/coil-20-proc/obj15__14.png,1
1023,./dataset/coil-20-proc/obj15__15.png,1
1024,./dataset/coil-20-proc/obj15__16.png,1
1025,./dataset/coil-20-proc/obj15__17.png,1
1026,./dataset/coil-20-proc/obj15__18.png,1
1027,./dataset/coil-20-proc/obj15__19.png,1
1028,./dataset/coil-20-proc/obj15__20.png,1
1029,./dataset/coil-20-proc/obj15__21.png,1
1030,./dataset/coil-20-proc/obj15__22.png,1
1031,./dataset/coil-20-proc/obj15__23.png,1
1032,./dataset/coil-20-proc/obj15__24.png,1
1033,./dataset/coil-20-proc/obj15__25.png,1
1034,./dataset/coil-20-proc/obj15__26.png,1
1035,./dataset/coil-20-proc/obj15__27.png,1
1036,./dataset/coil-20-proc/obj15__28.png,1
1037,./dataset/coil-20-proc/obj15__29.png,1
1038,./dataset/coil-20-proc/obj15__30.png,1
1039,./dataset/coil-20-proc/obj15__31.png,1
1040,./dataset/coil-20-proc/obj15__32.png,1
1041,./dataset/coil-20-proc/obj15__33.png,1
1042,./dataset/coil-20-proc/obj15__34.png,1
1043,./dataset/coil-20-proc/obj15__35.png,1
1044,./dataset/coil-20-proc/obj15__36.png,1
1045,./dataset/coil-20-proc/obj15__37.png,1
1046,./dataset/coil-20-proc/obj15__38.png,1
1047,./dataset/coil-20-proc/obj15__39.png,1
1048,./dataset/coil-20-proc/obj15__40.png,1
1049,./dataset/coil-20-proc/obj15__41.png,1
1050,./dataset/coil-20-proc/obj15__42.png,1
1051,./dataset/coil-20-proc/obj15__43.png,1
1052,./dataset/coil-20-proc/obj15__44.png,1
1053,./dataset/coil-20-proc/obj15__45.png,1
1054,./dataset/coil-20-proc/obj15__46.png,1
1055,./dataset/coil-20-proc/obj15__47.png,1
1056,./dataset/coil-20-proc/obj15__48.png,1
1057,./dataset/coil-20-proc/obj15__49.png,1
1058,./dataset/coil-20-proc/obj15__50.png,1
1059,./dataset/coil-20-proc/obj15__51.png,1
1060,./dataset/coil-20-proc/obj15__52.png,1
1061,./dataset/coil-20-proc/obj15__53.png,1
1062,./dataset/coil-20-proc/obj15__54.png,1
1063,./dataset/coil-20-proc/obj15__55.png,1
1064,./dataset/coil-20-proc/obj15__56.png,1
1065,./dataset/coil-20-proc/obj15__57.png,1
1066,./dataset/coil-20-proc/obj15__58.png,1
1067,./dataset/coil-20-proc/obj15__59.png,1
1068,./dataset/coil-20-proc/obj15__60.png,1
1069,./dataset/coil-20-proc/obj15__61.png,1
1070,./dataset/coil-20-proc/obj15__62.png,1
1071,./dataset/coil-20-proc/obj15__63.png,1
1072,./dataset/coil-20-proc/obj15__64.png,1
1073,./dataset/coil-20-proc/obj15__65.png,1
1074,./dataset/coil-20-proc/obj15__66.png,1
1075,./dataset/coil-20-proc/obj15__67.png,1
1076,./dataset/coil-20-proc/obj15__68.png,1
1077,./dataset/coil-20-proc/obj15__69.png,1
1078,./dataset/coil-20-proc/obj15__70.png,1
1079,./dataset/coil-20-proc/obj15__71.png,1
1080,./dataset/coil-20-proc/obj16__0.png,3
1081,./dataset/coil-20-proc/obj16__1.png,3
1082,./dataset/coil-20-proc/obj16__2.png,3
1083,./dataset/coil-20-proc/obj16__3.png,3
1084,./dataset/coil-20-proc/obj16__4.png,3
1085,./dataset/coil-20-proc/obj16__5.png,3
1086,./dataset/coil-20-proc/obj16__6.png,3
1087,./dataset/coil-20-proc/obj16__7.png,3
1088,./dataset/coil-20-proc/obj16__8.png,3
1089,./dataset/coil-20-proc/obj16__9.png,3
1090,./dataset/coil-20-proc/obj16__10.png,3
1091,./dataset/coil-20-proc/obj16__11.png,3
1092,./dataset/coil-20-proc/obj16__12.png,3
1093,./dataset/coil-20-proc/obj16__13.png,3
1094,./dataset/coil-20-proc/obj16__14.png,3
1095,./dataset/coil-20-proc/obj16__15.png,3
1096,./dataset/coil-20-proc/obj16__16.png,3
1097,./dataset/coil-20-proc/obj16__17.png,3
1098,./dataset/coil-20-proc/obj16__18.png,3
1099,./dataset/coil-20-proc/obj16__19.png,3
1100,./dataset/coil-20-proc/obj16__20.png,3
1101,./dataset/coil-20-proc/obj16__21.png,3
1102,./dataset/coil-20-proc/obj16__22.png,3
1103,./dataset/coil-20-proc/obj16__23.png,3
1104,./dataset/coil-20-proc/obj16__24.png,3
1105,./dataset/coil-20-proc/obj16__25.png,3
1106,./dataset/coil-20-proc/obj16__26.png,3
1107,./dataset/coil-20-proc/obj16__27.png,3
1108,./dataset/coil-20-proc/obj16__28.png,3
1109,./dataset/coil-20-proc/obj16__29.png,3
1110,./dataset/coil-20-proc/obj16__30.png,3
1111,./dataset/coil-20-proc/obj16__31.png,3
1112,./dataset/coil-20-proc/obj16__32.png,3
1113,./dataset/coil-20-proc/obj16__33.png,3
1114,./dataset/coil-20-proc/obj16__34.png,3
1115,./dataset/coil-20-proc/obj16__35.png,3
1116,./dataset/coil-20-proc/obj16__36.png,3
1117,./dataset/coil-20-proc/obj16__37.png,3
1118,./dataset/coil-20-proc/obj16__38.png,3
1119,./dataset/coil-20-proc/obj16__39.png,3
1120,./dataset/coil-20-proc/obj16__40.png,3
1121,./dataset/coil-20-proc/obj16__41.png,3
1122,./dataset/coil-20-proc/obj16__42.png,3
1123,./dataset/coil-20-proc/obj16__43.png,3
1124,./dataset/coil-20-proc/obj16__44.png,3
1125,./dataset/coil-20-proc/obj16__45.png,3
1126,./dataset/coil-20-proc/obj16__46.png,3
1127,./dataset/coil-20-proc/obj16__47.png,3
1128,./dataset/coil-20-proc/obj16__48.png,3
1129,./dataset/coil-20-proc/obj16__49.png,3
1130,./dataset/coil-20-proc/obj16__50.png,3
1131,./dataset/coil-20-proc/obj16__51.png,3
1132,./dataset/coil-20-proc/obj16__52.png,3
1133,./dataset/coil-20-proc/obj16__53.png,3
1134,./dataset/coil-20-proc/obj16__54.png,3
1135,./dataset/coil-20-proc/obj16__55.png,3
1136,./dataset/coil-20-proc/obj16__56.png,3
1137,./dataset/coil-20-proc/obj16__57.png,3
1138,./dataset/coil-20-proc/obj16__58.png,3
1139,./dataset/coil-20-proc/obj16__59.png,3
1140,./dataset/coil-20-proc/obj16__60.png,3
1141,./dataset/coil-20-proc/obj16__61.png,3
1142,./dataset/coil-20-proc/obj16__62.png,3
1143,./dataset/coil-20-proc/obj16__63.png,3
1144,./dataset/coil-20-proc/obj16__64.png,3
1145,./dataset/coil-20-proc/obj16__65.png,3
1146,./dataset/coil-20-proc/obj16__66.png,3
1147,./dataset/coil-20-proc/obj16__67.png,3
1148,./dataset/coil-20-proc/obj16__68.png,3
1149,./dataset/coil-20-proc/obj16__69.png,3
1150,./dataset/coil-20-proc/obj16__70.png,3
1151,./dataset/coil-20-proc/obj16__71.png,3
1152,./dataset/coil-20-proc/obj17__0.png,2
1153,./dataset/coil-20-proc/obj17__1.png,2
1154,./dataset/coil-20-proc/obj17__2.png,2
1155,./dataset/coil-20-proc/obj17__3.png,2
1156,./dataset/coil-20-proc/obj17__4.png,2
1157,./dataset/coil-20-proc/obj17__5.png,2
1158,./dataset/coil-20-proc/obj17__6.png,2
1159,./dataset/coil-20-proc/obj17__7.png,2
1160,./dataset/coil-20-proc/obj17__8.png,2
1161,./dataset/coil-20-proc/obj17__9.png,2
1162,./dataset/coil-20-proc/obj17__10.png,2
1163,./dataset/coil-20-proc/obj17__11.png,2
1164,./dataset/coil-20-proc/obj17__12.png,2
1165,./dataset/coil-20-proc/obj17__13.png,2
1166,./dataset/coil-20-proc/obj17__14.png,2
1167,./dataset/coil-20-proc/obj17__15.png,2
1168,./dataset/coil-20-proc/obj17__16.png,2
1169,./dataset/coil-20-proc/obj17__17.png,2
1170,./dataset/coil-20-proc/obj17__18.png,2
1171,./dataset/coil-20-proc/obj17__19.png,2
1172,./dataset/coil-20-proc/obj17__20.png,2
1173,./dataset/coil-20-proc/obj17__21.png,2
1174,./dataset/coil-20-proc/obj17__22.png,2
1175,./dataset/coil-20-proc/obj17__23.png,2
1176,./dataset/coil-20-proc/obj17__24.png,2
1177,./dataset/coil-20-proc/obj17__25.png,2
1178,./dataset/coil-20-proc/obj17__26.png,2
1179,./dataset/coil-20-proc/obj17__27.png,2
1180,./dataset/coil-20-proc/obj17__28.png,2
1181,./dataset/coil-20-proc/obj17__29.png,2
1182,./dataset/coil-20-proc/obj17__30.png,2
1183,./dataset/coil-20-proc/obj17__31.png,2
1184,./dataset/coil-20-proc/obj17__32.png,2
1185,./dataset/coil-20-proc/obj17__33.png,2
1186,./dataset/coil-20-proc/obj17__34.png,2
1187,./dataset/coil-20-proc/obj17__35.png,2
1188,./dataset/coil-20-proc/obj17__36.png,2
1189,./dataset/coil-20-proc/obj17__37.png,2
1190,./dataset/coil-20-proc/obj17__38.png,2
1191,./dataset/coil-20-proc/obj17__39.png,2
1192,./dataset/coil-20-proc/obj17__40.png,2
1193,./dataset/coil-20-proc/obj17__41.png,2
1194,./dataset/coil-20-proc/obj17__42.png,2
1195,./dataset/coil-20-proc/obj17__43.png,2
1196,./dataset/coil-20-proc/obj17__44.png,2
1197,./dataset/coil-20-proc/obj17__45.png,2
1198,./dataset/coil-20-proc/obj17__46.png,2
1199,./dataset/coil-20-proc/obj17__47.png,2
1200,./dataset/coil-20-proc/obj17__48.png,5
1201,./dataset/coil-20-proc/obj17__49.png,5
1202,./dataset/coil-20-proc/obj17__50.png,5
1203,./dataset/coil-20-proc/obj17__51.png,5
1204,./dataset/coil-20-proc/obj17__52.png,5
1205,./dataset/coil-20-proc/obj17__53.png,5
1206,./dataset/coil-20-proc/obj17__54.png,5
1207,./dataset/coil-20-proc/obj17__55.png,5
1208,./dataset/coil-20-proc/obj17__56.png,5
1209,./dataset/coil-20-proc/obj17__57.png,5
1210,./dataset/coil-20-proc/obj17__58.png,5
1211,./dataset/coil-20-proc/obj17__59.png,5
1212,./dataset/coil-20-proc/obj17__60.png,5
1213,./dataset/coil-20-proc/obj17__61.png,5
1214,./dataset/coil-20-proc/obj17__62.png,5
1215,./dataset/coil-20-proc/obj17__63.png,5
1216,./dataset/coil-20-proc/obj17__64.png,5
1217,./dataset/coil-20-proc/obj17__65.png,5
1218,./dataset/coil-20-proc/obj17__66.png,5
1219,./dataset/coil-20-proc/obj17__67.png,5
1220,./dataset/coil-20-proc/obj17__68.png,5
1221,./dataset/coil-20-proc/obj17__69.png,5
1222,./dataset/coil-20-proc/obj17__70.png,5
1223,./dataset/coil-20-proc/obj17__71.png,5
1224,./dataset/coil-20-proc/obj18__0.png,17
1225,./dataset/coil-20-proc/obj18__1.png,17
1226,./dataset/coil-20-proc/obj18__2.png,17
1227,./dataset/coil-20-proc/obj18__3.png,17
1228,./dataset/coil-20-proc/obj18__4.png,17
1229,./dataset/coil-20-proc/obj18__5.png,17
1230,./dataset/coil-20-proc/obj18__6.png,17
1231,./dataset/coil-20-proc/obj18__7.png,17
1232,./dataset/coil-20-proc/obj18__8.png,17
1233,./dataset/coil-20-proc/obj18__9.png,17
1234,./dataset/coil-20-proc/obj18__10.png,17
1235,./dataset/coil-20-proc/obj18__11.png,17
1236,./dataset/coil-20-proc/obj18__12.png,17
1237,./dataset/coil-20-proc/obj18__13.png,17
1238,./dataset/coil-20-proc/obj18__14.png,17
1239,./dataset/coil-20-proc/obj18__15.png,17
1240,./dataset/coil-20-proc/obj18__16.png,17
1241,./dataset/coil-20-proc/obj18__17.png,17
1242,./dataset/coil-20-proc/obj18__18.png,17
1243,./dataset/coil-20-proc/obj18__19.png,17
1244,./dataset/coil-20-proc/obj18__20.png,17
1245,./dataset/coil-20-proc/obj18__21.png,17
1246,./dataset/coil-20-proc/obj18__22.png,17
1247,./dataset/coil-20-proc/obj18__23.png,17
1248,./dataset/coil-20-proc/obj18__24.png,17
1249,./dataset/coil-20-proc/obj18__25.png,17
1250,./dataset/coil-20-proc/obj18__26.png,17
1251,./dataset/coil-20-proc/obj18__27.png,17
1252,./dataset/coil-20-proc/obj18__28.png,17
1253,./dataset/coil-20-proc/obj18__29.png,17
1254,./dataset/coil-20-proc/obj18__30.png,17
1255,./dataset/coil-20-proc/obj18__31.png,17
1256,./dataset/coil-20-proc/obj18__32.png,17
1257,./dataset/coil-20-proc/obj18__33.png,17
1258,./dataset/coil-20-proc/obj18__34.png,17
1259,./dataset/coil-20-proc/obj18__35.png,17
1260,./dataset/coil-20-proc/obj18__36.png,17
1261,./dataset/coil-20-proc/obj18__37.png,17
1262,./dataset/coil-20-proc/obj18__38.png,17
1263,./dataset/coil-20-proc/obj18__39.png,17
1264,./dataset/coil-20-proc/obj18__40.png,17
1265,./dataset/coil-20-proc/obj18__41.png,17
1266,./dataset/coil-20-proc/obj18__42.png,17
1267,./dataset/coil-20-proc/obj18__43.png,17
1268,./dataset/coil-20-proc/obj18__44.png,17
1269,./dataset/coil-20-proc/obj18__45.png,17
1270,./dataset/coil-20-proc/obj18__46.png,17
1271,./dataset/coil-20-proc/obj18__47.png,17
1272,./dataset/coil-20-proc/obj18__48.png,17
1273,./dataset/coil-20-proc/obj18__49.png,17
1274,./dataset/coil-20-proc/obj18__50.png,17
1275,./dataset/coil-20-proc/obj18__51.png,17
1276,./dataset/coil-20-proc/obj18__52.png,17
1277,./dataset/coil-20-proc/obj18__53.png,17
1278,./dataset/coil-20-proc/obj18__54.png,17
1279,./dataset/coil-20-proc/obj18__55.png,17
1280,./dataset/coil-20-proc/obj18__56.png,17
1281,./dataset/coil-20-proc/obj18__57.png,17
1282,./dataset/coil-20-proc/obj18__58.png,17
1283,./dataset/coil-20-proc/obj18__59.png,17
1284,./dataset/coil-20-proc/obj18__60.png,17
1285,./dataset/coil-20-proc/obj18__61.png,17
1286,./dataset/coil-20-proc/obj18__62.png,17
1287,./dataset/coil-20-proc/obj18__63.png,17
1288,./dataset/coil-20-proc/obj18__64.png,17
1289,./dataset/coil-20-proc/obj18__65.png,17
1290,./dataset/coil-20-proc/obj18__66.png,17
1291,./dataset/coil-20-proc/obj18__67.png,17
1292,./dataset/coil-20-proc/obj18__68.png,17
1293,./dataset/coil-20-proc/obj18__69.png,17
1294,./dataset/coil-20-proc/obj18__70.png,17
1295,./dataset/coil-20-proc/obj18__71.png,17
1296,./dataset/coil-20-proc/obj19__0.png,16
1297,./dataset/coil-20-proc/obj19__1.png,16
1298,./dataset/coil-20-proc/obj19__2.png,16
1299,./dataset/coil-20-proc/obj19__3.png,16
1300,./dataset/coil-20-proc/obj19__4.png,4
1301,./dataset/coil-20-proc/obj19__5.png,4
1302,./dataset/coil-20-proc/obj19__6.png,4
1303,./dataset/coil-20-proc/obj19__7.png,4
1304,./dataset/coil-20-proc/obj19__8.png,4
1305,./dataset/coil-20-proc/obj19__9.png,4
1306,./dataset/coil-20-proc/obj19__10.png,4
1307,./dataset/coil-20-proc/obj19__11.png,4
1308,./dataset/coil-20-proc/obj19__12.png,4
1309,./dataset/coil-20-proc/obj19__13.png,4
1310,./dataset/coil-20-proc/obj19__14.png,4
1311,./dataset/coil-20-proc/obj19__15.png,4
1312,./dataset/coil-20-proc/obj19__16.png,4
1313,./dataset/coil-20-proc/obj19__17.png,4
1314,./dataset/coil-20-proc/obj19__18.png,4
1315,./dataset/coil-20-proc/obj19__19.png,4
1316,./dataset/coil-20-proc/obj19__20.png,4
1317,./dataset/coil-20-proc/obj19__21.png,4
1318,./dataset/coil-20-proc/obj19__22.png,4
1319,./dataset/coil-20-proc/obj19__23.png,4
1320,./dataset/coil-20-proc/obj19__24.png,4
1321,./dataset/coil-20-proc/obj19__25.png,4
1322,./dataset/coil-20-proc/obj19__26.png,4
1323,./dataset/coil-20-proc/obj19__27.png,4
1324,./dataset/coil-20-proc/obj19__28.png,4
1325,./dataset/coil-20-proc/obj19__29.png,4
1326,./dataset/coil-20-proc/obj19__30.png,4
1327,./dataset/coil-20-proc/obj19__31.png,4
1328,./dataset/coil-20-proc/obj19__32.png,4
1329,./dataset/coil-20-proc/obj19__33.png,4
1330,./dataset/coil-20-proc/obj19__34.png,4
1331,./dataset/coil-20-proc/obj19__35.png,4
1332,./dataset/coil-20-proc/obj19__36.png,4
1333,./dataset/coil-20-proc/obj19__37.png,4
1334,./dataset/coil-20-proc/obj19__38.png,4
1335,./dataset/coil-20-proc/obj19__39.png,4
1336,./dataset/coil-20-proc/obj19__40.png,4
1337,./dataset/coil-20-proc/obj19__41.png,4
1338,./dataset/coil-20-proc/obj19__42.png,4
1339,./dataset/coil-20-proc/obj19__43.png,4
1340,./dataset/coil-20-proc/obj19__44.png,4
1341,./dataset/coil-20-proc/obj19__45.png,4
1342,./dataset/coil-20-proc/obj19__46.png,4
1343,./dataset/coil-20-proc/obj19__47.png,4
1344,./dataset/coil-20-proc/obj19__48.png,4
1345,./dataset/coil-20-proc/obj19__49.png,4
1346,./dataset/coil-20-proc/obj19__50.png,4
1347,./dataset/coil-20-proc/obj19__51.png,4
1348,./dataset/coil-20-proc/obj19__52.png,4
1349,./dataset/coil-20-proc/obj19__53.png,4
1350,./dataset/coil-20-proc/obj19__54.png,4
1351,./dataset/coil-20-proc/obj19__55.png,4
1352,./dataset/coil-20-proc/obj19__56.png,4
1353,./dataset/coil-20-proc/obj19__57.png,4
1354,./dataset/coil-20-proc/obj19__58.png,4
1355,./dataset/coil-20-proc/obj19__59.png,4
1356,./dataset/coil-20-proc/obj19__60.png,4
1357,./dataset/coil-20-proc/obj19__61.png,4
1358,./dataset/coil-20-proc/obj19__62.png,4
1359,./dataset/coil-20-proc/obj19__63.png,4
1360,./dataset/coil-20-proc/obj19__64.png,4
1361,./dataset/coil-20-proc/obj19__65.png,4
1362,./dataset/coil-20-proc/obj19__66.png,4
1363,./dataset/coil-20-proc/obj19__67.png,4
1364,./dataset/coil-20-proc/obj19__68.png,4
1365,./dataset/coil-20-proc/obj19__69.png,4
1366,./dataset/coil-20-proc/obj19__70.png,4
1367,./dataset/coil-20-proc/obj19__71.png,4
1368,./dataset/coil-20-proc/obj20__0.png,12
1369,./dataset/coil-20-proc/obj20__1.png,12
1370,./dataset/coil-20-proc/obj20__2.png,12
1371,./dataset/coil-20-proc/obj20__3.png,12
1372,./dataset/coil-20-proc/obj20__4.png,12
1373,./dataset/coil-20-proc/obj20__5.png,12
1374,./dataset/coil-20-proc/obj20__6.png,12
1375,./dataset/coil-20-proc/obj20__7.png,12
1376,./dataset/coil-20-proc/obj20__8.png,12
1377,./dataset/coil-20-proc/obj20__9.png,12
1378,./dataset/coil-20-proc/obj20__10.png,12
1379,./dataset/coil-20-proc/obj20__11.png,12
1380,./dataset/coil-20-proc/obj20__12.png,12
1381,./dataset/coil-20-proc/obj20__13.png,12
1382,./dataset/coil-20-proc/obj20__14.png,12
1383,./dataset/coil-20-proc/obj20__15.png,12
1384,./dataset/coil-20-proc/obj20__16.png,12
1385,./dataset/coil-20-proc/obj20__17.png,12
1386,./dataset/coil-20-proc/obj20__18.png,12
1387,./dataset/coil-20-proc/obj20__19.png,12
1388,./dataset/coil-20-proc/obj20__20.png,12
1389,./dataset/coil-20-proc/obj20__21.png,12
1390,./dataset/coil-20-proc/obj20__22.png,12
1391,./dataset/coil-20-proc/obj20__23.png,12
1392,./dataset/coil-20-proc/obj20__24.png,12
1393,./dataset/coil-20-proc/obj20__25.png,12
1394,./dataset/coil-20-proc/obj20__26.png,12
1395,./dataset/coil-20-proc/obj20__27.png,12
1396,./dataset/coil-20-proc/obj20__28.png,12
1397,./dataset/coil-20-proc/obj20__29.png,12
1398,./dataset/coil-20-proc/obj20__30.png,12
1399,./dataset/coil-20-proc/obj20__31.png,12
1400,./dataset/coil-20-proc/obj20__32.png,11
1401,./dataset/coil-20-proc/obj20__33.png,11
1402,./dataset/coil-20-proc/obj20__34.png,11
1403,./dataset/coil-20-proc/obj20__35.png,11
1404,./dataset/coil-20-proc/obj20__36.png,11
1405,./dataset/coil-20-proc/obj20__37.png,11
1406,./dataset/coil-20-proc/obj20__38.png,11
1407,./dataset/coil-20-proc/obj20__39.png,11
1408,./dataset/coil-20-proc/obj20__40.png,11
1409,./dataset/coil-20-proc/obj20__41.png,11
1410,./dataset/coil-20-proc/obj20__42.png,11
1411,./dataset/coil-20-proc/obj20__43.png,11
1412,./dataset/coil-20-proc/obj20__44.png,11
1413,./dataset/coil-20-proc/obj20__45.png,11
1414,./dataset/coil-20-proc/obj20__46.png,11
1415,./dataset/coil-20-proc/obj20__47.png,11
1416,./dataset/coil-20-proc/obj20__48.png,11
1417,./dataset/coil-20-proc/obj20__49.png,11
1418,./dataset/coil-20-proc/obj20__50.png,11
1419,./dataset/coil-20-proc/obj20__51.png,11
1420,./dataset/coil-20-proc/obj20__52.png,11
1421,./dataset/coil-20-proc/obj20__53.png,11
1422,./dataset/coil-20-proc/obj20__54.png,11
1423,./dataset/coil-20-proc/obj20__55.png,11
1424,./dataset/coil-20-proc/obj20__56.png,11
1425,./dataset/coil-20-proc/obj20__57.png,11
1426,./dataset/coil-20-proc/obj20__58.png,11
1427,./dataset/coil-20-proc/obj20__59.png,11
1428,./dataset/coil-20-proc/obj20__60.png,11
1429,./dataset/coil-20-proc/obj20__61.png,11
1430,./dataset/coil-20-proc/obj20__62.png,11
1431,./dataset/coil-20-proc/obj20__63.png,11
1432,./dataset/coil-20-proc/obj20__64.png,11
1433,./dataset/coil-20-proc/obj20__65.png,11
1434,./dataset/coil-20-proc/obj20__66.png,11
1435,./dataset/coil-20-proc/obj20__67.png,11
1436,./dataset/coil-20-proc/obj20__68.png,11
1437,./dataset/coil-20-proc/obj20__69.png,11
1438,./dataset/coil-20-proc/obj20__70.png,11
1439,./dataset/coil-20-proc/obj20__71.png,11
